{"RuleTriggered": 3, "Violations": 3, "Details": {"algo-1": {"cpu": {"p25": 15.645, "p50": 18.835, "p75": 28.398125, "p95": 42.5975, "upper": 47.5278125, "lower": 1.755}, "gpu0": {"p25": 0.0, "p50": 0.0, "p75": 21.0, "p95": 22.0, "upper": 37.0, "lower": 0.0}, "gpu0_memory": {"p25": 0.0, "p50": 0.0, "p75": 10.0, "p95": 11.0, "upper": 17.0, "lower": 0.0}}, "last_timestamp": 1640205420000000}, "Datapoints": 1251, "RuleParameters": "cpu_threshold_p95:70\ngpu_threshold_p95:70\ngpu_memory_threshold_p95:70\npatience:1000\nwindow:500"}