{"RuleTriggered": 0, "Violations": 238, "Details": {"low_gpu_utilization": 823, "bottlenecks": {"1640205456.887818": {"GPUs": 1, "CPUs": 1}, "1640205457.387851": {"GPUs": 1, "CPUs": 1}, "1640205458.387825": {"GPUs": 1, "CPUs": 1}, "1640205461.887812": {"GPUs": 1, "CPUs": 1}, "1640205477.387794": {"GPUs": 1, "CPUs": 1}, "1640205479.387887": {"GPUs": 1, "CPUs": 1}, "1640205479.88782": {"GPUs": 1, "CPUs": 1}, "1640205491.387899": {"GPUs": 1, "CPUs": 1}, "1640205492.387841": {"GPUs": 1, "CPUs": 1}, "1640205496.887818": {"GPUs": 1, "CPUs": 1}, "1640205497.887812": {"GPUs": 1, "CPUs": 1}, "1640205498.88785": {"GPUs": 1, "CPUs": 1}, "1640205501.387796": {"GPUs": 1, "CPUs": 1}, "1640205503.38782": {"GPUs": 1, "CPUs": 1}, "1640205503.887816": {"GPUs": 1, "CPUs": 1}, "1640205504.387806": {"GPUs": 1, "CPUs": 1}, "1640205504.887818": {"GPUs": 1, "CPUs": 1}, "1640205527.387832": {"GPUs": 1, "CPUs": 1}, "1640205529.887812": {"GPUs": 1, "CPUs": 1}, "1640205530.387902": {"GPUs": 1, "CPUs": 1}, "1640205538.887811": {"GPUs": 1, "CPUs": 1}, "1640205539.387854": {"GPUs": 1, "CPUs": 1}, "1640205550.387831": {"GPUs": 1, "CPUs": 1}, "1640205551.387828": {"GPUs": 1, "CPUs": 1}, "1640205557.887845": {"GPUs": 1, "CPUs": 1}, "1640205558.387823": {"GPUs": 1, "CPUs": 1}, "1640205559.387942": {"GPUs": 1, "CPUs": 1}, "1640205559.887836": {"GPUs": 1, "CPUs": 1}, "1640205563.887873": {"GPUs": 1, "CPUs": 1}, "1640205567.887948": {"GPUs": 1, "CPUs": 1}, "1640205568.387859": {"GPUs": 1, "CPUs": 1}, "1640205569.387797": {"GPUs": 1, "CPUs": 1}, "1640205569.887797": {"GPUs": 1, "CPUs": 1}, "1640205570.887727": {"GPUs": 1, "CPUs": 1}, "1640205571.387872": {"GPUs": 1, "CPUs": 1}, "1640205573.888247": {"GPUs": 1, "CPUs": 1}, "1640205574.387782": {"GPUs": 1, "CPUs": 1}, "1640205574.887836": {"GPUs": 1, "CPUs": 1}, "1640205576.387812": {"GPUs": 1, "CPUs": 1}, "1640205577.390104": {"GPUs": 1, "CPUs": 1}, "1640205577.888168": {"GPUs": 1, "CPUs": 2}, "1640205578.3879": {"GPUs": 1, "CPUs": 1}, "1640205578.887835": {"GPUs": 1, "CPUs": 1}, "1640205579.388585": {"GPUs": 1, "CPUs": 1}, "1640205579.88789": {"GPUs": 1, "CPUs": 1}, "1640205580.387887": {"GPUs": 1, "CPUs": 1}, "1640205580.887906": {"GPUs": 1, "CPUs": 1}, "1640205581.387845": {"GPUs": 1, "CPUs": 1}, "1640205581.887796": {"GPUs": 1, "CPUs": 1}, "1640205582.387837": {"GPUs": 1, "CPUs": 1}, "1640205582.887824": {"GPUs": 1, "CPUs": 1}, "1640205583.387826": {"GPUs": 1, "CPUs": 1}, "1640205583.887818": {"GPUs": 1, "CPUs": 2}, "1640205584.387735": {"GPUs": 1, "CPUs": 1}, "1640205585.3879": {"GPUs": 1, "CPUs": 2}, "1640205585.887816": {"GPUs": 1, "CPUs": 1}, "1640205586.387839": {"GPUs": 1, "CPUs": 2}, "1640205586.887799": {"GPUs": 1, "CPUs": 1}, "1640205587.387888": {"GPUs": 1, "CPUs": 1}, "1640205589.387873": {"GPUs": 1, "CPUs": 1}, "1640205590.387758": {"GPUs": 1, "CPUs": 1}, "1640205594.387761": {"GPUs": 1, "CPUs": 1}, "1640205597.387949": {"GPUs": 1, "CPUs": 1}, "1640205603.38783": {"GPUs": 1, "CPUs": 1}, "1640205603.887835": {"GPUs": 1, "CPUs": 1}, "1640205604.387845": {"GPUs": 1, "CPUs": 2}, "1640205604.88782": {"GPUs": 1, "CPUs": 2}, "1640205605.387838": {"GPUs": 1, "CPUs": 2}, "1640205605.887794": {"GPUs": 1, "CPUs": 2}, "1640205606.387834": {"GPUs": 1, "CPUs": 2}, "1640205606.887811": {"GPUs": 1, "CPUs": 1}, "1640205607.387812": {"GPUs": 1, "CPUs": 1}, "1640205607.887814": {"GPUs": 1, "CPUs": 2}, "1640205608.887831": {"GPUs": 1, "CPUs": 1}, "1640205609.387793": {"GPUs": 1, "CPUs": 1}, "1640205609.88781": {"GPUs": 1, "CPUs": 1}, "1640205610.387845": {"GPUs": 1, "CPUs": 1}, "1640205610.88783": {"GPUs": 1, "CPUs": 1}, "1640205611.387795": {"GPUs": 1, "CPUs": 1}, "1640205611.887842": {"GPUs": 1, "CPUs": 2}, "1640205612.387814": {"GPUs": 1, "CPUs": 2}, "1640205612.887804": {"GPUs": 1, "CPUs": 1}, "1640205613.387814": {"GPUs": 1, "CPUs": 1}, "1640205613.887805": {"GPUs": 1, "CPUs": 1}, "1640205614.387844": {"GPUs": 1, "CPUs": 1}, "1640205614.8878": {"GPUs": 1, "CPUs": 1}, "1640205615.387803": {"GPUs": 1, "CPUs": 1}, "1640205615.887837": {"GPUs": 1, "CPUs": 1}, "1640205616.387821": {"GPUs": 1, "CPUs": 1}, "1640205616.887895": {"GPUs": 1, "CPUs": 1}, "1640205617.387839": {"GPUs": 1, "CPUs": 1}, "1640205617.887819": {"GPUs": 1, "CPUs": 1}, "1640205618.387885": {"GPUs": 1, "CPUs": 1}, "1640205618.88781": {"GPUs": 1, "CPUs": 1}, "1640205619.387884": {"GPUs": 1, "CPUs": 1}, "1640205619.887948": {"GPUs": 1, "CPUs": 1}, "1640205620.387865": {"GPUs": 1, "CPUs": 2}, "1640205620.887833": {"GPUs": 1, "CPUs": 2}, "1640205621.38781": {"GPUs": 1, "CPUs": 1}, "1640205621.887794": {"GPUs": 1, "CPUs": 2}, "1640205622.387904": {"GPUs": 1, "CPUs": 2}, "1640205622.887898": {"GPUs": 1, "CPUs": 2}, "1640205623.3879": {"GPUs": 1, "CPUs": 2}, "1640205623.887822": {"GPUs": 1, "CPUs": 2}, "1640205624.387798": {"GPUs": 1, "CPUs": 2}, "1640205624.887821": {"GPUs": 1, "CPUs": 2}, "1640205625.387823": {"GPUs": 1, "CPUs": 2}, "1640205625.887818": {"GPUs": 1, "CPUs": 2}, "1640205626.387841": {"GPUs": 1, "CPUs": 2}, "1640205627.387836": {"GPUs": 1, "CPUs": 1}, "1640205631.887783": {"GPUs": 1, "CPUs": 1}, "1640205633.387859": {"GPUs": 1, "CPUs": 2}, "1640205633.887806": {"GPUs": 1, "CPUs": 2}, "1640205634.387802": {"GPUs": 1, "CPUs": 2}, "1640205634.887872": {"GPUs": 1, "CPUs": 2}, "1640205635.387799": {"GPUs": 1, "CPUs": 2}, "1640205649.387901": {"GPUs": 1, "CPUs": 1}, "1640205649.887805": {"GPUs": 1, "CPUs": 1}, "1640205650.387897": {"GPUs": 1, "CPUs": 1}, "1640205650.88783": {"GPUs": 1, "CPUs": 1}, "1640205655.887809": {"GPUs": 1, "CPUs": 1}, "1640205656.387815": {"GPUs": 1, "CPUs": 1}, "1640205656.887833": {"GPUs": 1, "CPUs": 2}, "1640205657.387855": {"GPUs": 1, "CPUs": 2}, "1640205657.887819": {"GPUs": 1, "CPUs": 2}, "1640205658.387889": {"GPUs": 1, "CPUs": 2}, "1640205658.887809": {"GPUs": 1, "CPUs": 2}, "1640205659.387814": {"GPUs": 1, "CPUs": 2}, "1640205659.887872": {"GPUs": 1, "CPUs": 2}, "1640205660.387817": {"GPUs": 1, "CPUs": 2}, "1640205660.887835": {"GPUs": 1, "CPUs": 1}, "1640205671.887913": {"GPUs": 1, "CPUs": 1}, "1640205672.387818": {"GPUs": 1, "CPUs": 1}, "1640205672.887853": {"GPUs": 1, "CPUs": 1}, "1640205673.387793": {"GPUs": 1, "CPUs": 1}, "1640205673.887836": {"GPUs": 1, "CPUs": 1}, "1640205674.387787": {"GPUs": 1, "CPUs": 1}, "1640205674.887801": {"GPUs": 1, "CPUs": 1}, "1640205675.387808": {"GPUs": 1, "CPUs": 1}, "1640205675.887816": {"GPUs": 1, "CPUs": 1}, "1640205676.387814": {"GPUs": 1, "CPUs": 2}, "1640205676.887811": {"GPUs": 1, "CPUs": 2}, "1640205677.387851": {"GPUs": 1, "CPUs": 1}, "1640205677.88782": {"GPUs": 1, "CPUs": 1}, "1640205681.887777": {"GPUs": 1, "CPUs": 1}, "1640205693.8878": {"GPUs": 1, "CPUs": 1}, "1640205694.387855": {"GPUs": 1, "CPUs": 1}, "1640205694.887733": {"GPUs": 1, "CPUs": 1}, "1640205695.387878": {"GPUs": 1, "CPUs": 1}, "1640205695.887774": {"GPUs": 1, "CPUs": 1}, "1640205696.387861": {"GPUs": 1, "CPUs": 1}, "1640205696.887845": {"GPUs": 1, "CPUs": 1}, "1640205697.387897": {"GPUs": 1, "CPUs": 1}, "1640205702.887836": {"GPUs": 1, "CPUs": 2}, "1640205703.387824": {"GPUs": 1, "CPUs": 2}, "1640205703.887816": {"GPUs": 1, "CPUs": 2}, "1640205704.38781": {"GPUs": 1, "CPUs": 2}, "1640205704.887777": {"GPUs": 1, "CPUs": 2}, "1640205705.387835": {"GPUs": 1, "CPUs": 2}, "1640205705.887798": {"GPUs": 1, "CPUs": 2}, "1640205706.387897": {"GPUs": 1, "CPUs": 2}, "1640205706.887814": {"GPUs": 1, "CPUs": 2}, "1640205707.387814": {"GPUs": 1, "CPUs": 2}, "1640205707.887935": {"GPUs": 1, "CPUs": 2}, "1640205708.387888": {"GPUs": 1, "CPUs": 2}, "1640205708.887891": {"GPUs": 1, "CPUs": 2}, "1640205709.38786": {"GPUs": 1, "CPUs": 2}, "1640205709.887849": {"GPUs": 1, "CPUs": 2}, "1640205710.387874": {"GPUs": 1, "CPUs": 2}, "1640205710.887818": {"GPUs": 1, "CPUs": 2}, "1640205711.387832": {"GPUs": 1, "CPUs": 2}, "1640205711.887863": {"GPUs": 1, "CPUs": 2}, "1640205712.387828": {"GPUs": 1, "CPUs": 2}, "1640205712.887808": {"GPUs": 1, "CPUs": 2}, "1640205721.887795": {"GPUs": 1, "CPUs": 2}, "1640205722.387825": {"GPUs": 1, "CPUs": 3},