{"RuleTriggered": 0, "Violations": 0, "Details": {"pin_memory": false, "num_workers": 0, "cores": 8, "dataloaders": 1, "dataloading_time": {"p25": 0.13708175, "p50": 0.1678035, "p95": 0.38258594999999995, "probs": [1, 0, 0, 0, 0, 1, 1, 1, 0, 0, 0, 0, 1, 0, 0, 0, 0, 0, 0, 0, 0, 1, 0, 0, 0, 0, 0, 0, 0, 0, 0, 0, 0, 0, 0, 0, 0, 0, 0, 0, 0, 0, 0, 0, 0, 0, 0, 0, 0, 0, 1, 1, 0, 0, 0, 0, 0, 0, 0, 0, 0, 0, 0, 0, 0, 0, 0, 0, 0, 0, 0, 0, 0, 0, 0, 0, 0, 0, 1, 0, 0, 0, 0, 0, 0, 0, 0, 0, 0, 0, 0, 0, 0, 0, 0, 0, 0, 0, 0, 1], "binedges": [0.118013, 0.12094101, 0.12386902000000001, 0.12679703, 0.12972504, 0.13265305, 0.13558106, 0.13850907, 0.14143708, 0.14436509, 0.1472931, 0.15022111, 0.15314912, 0.15607713, 0.15900514, 0.16193315, 0.16486116, 0.16778917000000002, 0.17071718000000002, 0.17364519, 0.1765732, 0.17950121000000002, 0.18242922, 0.18535723, 0.18828524000000002, 0.19121325, 0.19414126, 0.19706927000000002, 0.19999728, 0.20292529, 0.20585330000000002, 0.20878131, 0.21170932, 0.21463733000000002, 0.21756534, 0.22049335, 0.22342136, 0.22634937, 0.22927738, 0.23220539, 0.2351334, 0.23806141, 0.24098942, 0.24391743000000002, 0.24684544, 0.24977345, 0.25270146000000004, 0.25562947, 0.25855748, 0.26148549, 0.26441349999999997, 0.26734151, 0.27026952000000004, 0.27319753, 0.27612554, 0.27905355, 0.28198155999999996, 0.28490957, 0.28783758000000004, 0.29076559, 0.2936936, 0.29662161, 0.29954962, 0.30247763, 0.30540564000000003, 0.30833365, 0.31126166, 0.31418967, 0.31711768, 0.32004569, 0.32297370000000003, 0.32590171, 0.32882972, 0.33175773, 0.33468574, 0.33761375000000005, 0.34054176, 0.34346977, 0.34639778, 0.34932578999999997, 0.3522538, 0.35518181000000004, 0.35810982, 0.36103783, 0.36396584, 0.36689384999999997, 0.36982186000000006, 0.37274987000000004, 0.37567788, 0.37860589, 0.3815339, 0.38446190999999996, 0.38738992000000005, 0.39031793000000004, 0.39324594, 0.39617395, 0.39910196, 0.40202996999999996, 0.40495798000000005, 0.40788599000000003, 0.410814]}}, "Datapoints": 10, "RuleParameters": "min_threshold:70\nmax_threshold:200"}