{"RuleTriggered": 0, "Violations": 236, "Details": {"low_gpu_utilization": 823, "bottlenecks": {"1640205459.387839": {"GPUs": 1, "CPUs": 2}, "1640205459.88781": {"GPUs": 1, "CPUs": 1}, "1640205460.387822": {"GPUs": 1, "CPUs": 1}, "1640205461.387861": {"GPUs": 1, "CPUs": 1}, "1640205461.887812": {"GPUs": 1, "CPUs": 1}, "1640205462.387875": {"GPUs": 1, "CPUs": 2}, "1640205463.88783": {"GPUs": 1, "CPUs": 1}, "1640205464.387808": {"GPUs": 1, "CPUs": 1}, "1640205467.887829": {"GPUs": 1, "CPUs": 1}, "1640205468.387816": {"GPUs": 1, "CPUs": 1}, "1640205468.887794": {"GPUs": 1, "CPUs": 1}, "1640205470.887896": {"GPUs": 1, "CPUs": 1}, "1640205471.887824": {"GPUs": 1, "CPUs": 1}, "1640205472.887784": {"GPUs": 1, "CPUs": 1}, "1640205473.887805": {"GPUs": 1, "CPUs": 1}, "1640205475.387779": {"GPUs": 1, "CPUs": 1}, "1640205475.887967": {"GPUs": 1, "CPUs": 2}, "1640205476.38783": {"GPUs": 1, "CPUs": 2}, "1640205476.887892": {"GPUs": 1, "CPUs": 1}, "1640205477.387794": {"GPUs": 1, "CPUs": 1}, "1640205478.38782": {"GPUs": 1, "CPUs": 1}, "1640205479.387887": {"GPUs": 1, "CPUs": 1}, "1640205479.88782": {"GPUs": 1, "CPUs": 2}, "1640205485.887808": {"GPUs": 1, "CPUs": 1}, "1640205486.387805": {"GPUs": 1, "CPUs": 2}, "1640205486.887791": {"GPUs": 1, "CPUs": 1}, "1640205487.3878": {"GPUs": 1, "CPUs": 1}, "1640205488.387813": {"GPUs": 1, "CPUs": 1}, "1640205488.887773": {"GPUs": 1, "CPUs": 1}, "1640205489.387839": {"GPUs": 1, "CPUs": 1}, "1640205490.387853": {"GPUs": 1, "CPUs": 2}, "1640205490.887821": {"GPUs": 1, "CPUs": 1}, "1640205491.387899": {"GPUs": 1, "CPUs": 1}, "1640205492.387841": {"GPUs": 1, "CPUs": 1}, "1640205492.887824": {"GPUs": 1, "CPUs": 1}, "1640205493.38788": {"GPUs": 1, "CPUs": 1}, "1640205493.887835": {"GPUs": 1, "CPUs": 2}, "1640205494.887801": {"GPUs": 1, "CPUs": 1}, "1640205495.387818": {"GPUs": 1, "CPUs": 1}, "1640205495.887836": {"GPUs": 1, "CPUs": 1}, "1640205496.387818": {"GPUs": 1, "CPUs": 1}, "1640205496.887818": {"GPUs": 1, "CPUs": 2}, "1640205497.387814": {"GPUs": 1, "CPUs": 2}, "1640205497.887812": {"GPUs": 1, "CPUs": 1}, "1640205498.387828": {"GPUs": 1, "CPUs": 1}, "1640205519.387808": {"GPUs": 1, "CPUs": 1}, "1640205525.387815": {"GPUs": 1, "CPUs": 1}, "1640205525.887749": {"GPUs": 1, "CPUs": 1}, "1640205526.387834": {"GPUs": 1, "CPUs": 1}, "1640205527.387832": {"GPUs": 1, "CPUs": 2}, "1640205528.387818": {"GPUs": 1, "CPUs": 1}, "1640205528.887809": {"GPUs": 1, "CPUs": 1}, "1640205529.387847": {"GPUs": 1, "CPUs": 1}, "1640205529.887812": {"GPUs": 1, "CPUs": 2}, "1640205530.387902": {"GPUs": 1, "CPUs": 1}, "1640205530.887793": {"GPUs": 1, "CPUs": 1}, "1640205531.887818": {"GPUs": 1, "CPUs": 1}, "1640205532.387813": {"GPUs": 1, "CPUs": 1}, "1640205532.887807": {"GPUs": 1, "CPUs": 2}, "1640205538.887811": {"GPUs": 1, "CPUs": 2}, "1640205539.387854": {"GPUs": 1, "CPUs": 2}, "1640205539.887814": {"GPUs": 1, "CPUs": 1}, "1640205557.887845": {"GPUs": 1, "CPUs": 1}, "1640205577.390104": {"GPUs": 1, "CPUs": 1}, "1640205577.888168": {"GPUs": 1, "CPUs": 1}, "1640205578.3879": {"GPUs": 1, "CPUs": 1}, "1640205579.88789": {"GPUs": 1, "CPUs": 1}, "1640205580.387887": {"GPUs": 1, "CPUs": 1}, "1640205580.887906": {"GPUs": 1, "CPUs": 1}, "1640205581.387845": {"GPUs": 1, "CPUs": 2}, "1640205581.887796": {"GPUs": 1, "CPUs": 2}, "1640205582.387837": {"GPUs": 1, "CPUs": 2}, "1640205582.887824": {"GPUs": 1, "CPUs": 2}, "1640205583.387826": {"GPUs": 1, "CPUs": 1}, "1640205583.887818": {"GPUs": 1, "CPUs": 2}, "1640205584.387735": {"GPUs": 1, "CPUs": 2}, "1640205584.887813": {"GPUs": 1, "CPUs": 2}, "1640205585.3879": {"GPUs": 1, "CPUs": 1}, "1640205585.887816": {"GPUs": 1, "CPUs": 1}, "1640205586.387839": {"GPUs": 1, "CPUs": 1}, "1640205586.887799": {"GPUs": 1, "CPUs": 1}, "1640205587.887728": {"GPUs": 1, "CPUs": 1}, "1640205591.387878": {"GPUs": 1, "CPUs": 1}, "1640205593.387934": {"GPUs": 1, "CPUs": 1}, "1640205593.887728": {"GPUs": 1, "CPUs": 1}, "1640205602.387821": {"GPUs": 1, "CPUs": 2}, "1640205603.38783": {"GPUs": 1, "CPUs": 1}, "1640205603.887835": {"GPUs": 1, "CPUs": 1}, "1640205604.387845": {"GPUs": 1, "CPUs": 2}, "1640205604.88782": {"GPUs": 1, "CPUs": 2}, "1640205605.387838": {"GPUs": 1, "CPUs": 2}, "1640205605.887794": {"GPUs": 1, "CPUs": 2}, "1640205606.387834": {"GPUs": 1, "CPUs": 2}, "1640205606.887811": {"GPUs": 1, "CPUs": 2}, "1640205607.387812": {"GPUs": 1, "CPUs": 3}, "1640205607.887814": {"GPUs": 1, "CPUs": 3}, "1640205608.387879": {"GPUs": 1, "CPUs": 2}, "1640205608.887831": {"GPUs": 1, "CPUs": 2}, "1640205609.387793": {"GPUs": 1, "CPUs": 2}, "1640205609.88781": {"GPUs": 1, "CPUs": 2}, "1640205610.387845": {"GPUs": 1, "CPUs": 1}, "1640205610.88783": {"GPUs": 1, "CPUs": 1}, "1640205611.387795": {"GPUs": 1, "CPUs": 1}, "1640205611.887842": {"GPUs": 1, "CPUs": 2}, "1640205612.387814": {"GPUs": 1, "CPUs": 2}, "1640205612.887804": {"GPUs": 1, "CPUs": 1}, "1640205613.387814": {"GPUs": 1, "CPUs": 1}, "1640205613.887805": {"GPUs": 1, "CPUs": 1}, "1640205614.387844": {"GPUs": 1, "CPUs": 1}, "1640205614.8878": {"GPUs": 1, "CPUs": 1}, "1640205615.387803": {"GPUs": 1, "CPUs": 1}, "1640205615.887837": {"GPUs": 1, "CPUs": 1}, "1640205616.387821": {"GPUs": 1, "CPUs": 1}, "1640205616.887895": {"GPUs": 1, "CPUs": 1}, "1640205617.387839": {"GPUs": 1, "CPUs": 1}, "1640205617.887819": {"GPUs": 1, "CPUs": 1}, "1640205618.387885": {"GPUs": 1, "CPUs": 1}, "1640205618.88781": {"GPUs": 1, "CPUs": 1}, "1640205619.387884": {"GPUs": 1, "CPUs": 1}, "1640205619.887948": {"GPUs": 1, "CPUs": 1}, "1640205620.387865": {"GPUs": 1, "CPUs": 2}, "1640205620.887833": {"GPUs": 1, "CPUs": 2}, "1640205621.38781": {"GPUs": 1, "CPUs": 3}, "1640205621.887794": {"GPUs": 1, "CPUs": 3}, "1640205622.387904": {"GPUs": 1, "CPUs": 2}, "1640205622.887898": {"GPUs": 1, "CPUs": 2}, "1640205623.3879": {"GPUs": 1, "CPUs": 2}, "1640205623.887822": {"GPUs": 1, "CPUs": 2}, "1640205624.387798": {"GPUs": 1, "CPUs": 2}, "1640205624.887821": {"GPUs": 1, "CPUs": 2}, "1640205625.387823": {"GPUs": 1, "CPUs": 2}, "1640205625.887818": {"GPUs": 1, "CPUs": 2}, "1640205626.387841": {"GPUs": 1, "CPUs": 2}, "1640205632.887871": {"GPUs": 1, "CPUs": 2}, "1640205633.387859": {"GPUs": 1, "CPUs": 3}, "1640205633.887806": {"GPUs": 1, "CPUs": 3}, "1640205634.387802": {"GPUs": 1, "CPUs": 3}, "1640205634.887872": {"GPUs": 1, "CPUs": 3}, "1640205635.387799": {"GPUs": 1, "CPUs": 3}, "1640205649.387901": {"GPUs": 1, "CPUs": 2}, "1640205649.887805": {"GPUs": 1, "CPUs": 2}, "1640205650.387897": {"GPUs": 1, "CPUs": 2}, "1640205650.88783": {"GPUs": 1, "CPUs": 2}, "1640205655.38791": {"GPUs": 1, "CPUs": 1}, "1640205655.887809": {"GPUs": 1, "CPUs": 1}, "1640205656.387815": {"GPUs": 1, "CPUs": 2}, "1640205656.887833": {"GPUs": 1, "CPUs": 2}, "1640205657.387855": {"GPUs": 1, "CPUs": 2}, "1640205657.887819": {"GPUs": 1, "CPUs": 2}, "1640205658.387889": {"GPUs": 1, "CPUs": 2}, "1640205658.887809": {"GPUs": 1, "CPUs": 2}, "1640205659.387814": {"GPUs": 1, "CPUs": 2}, "1640205659.887872": {"GPUs": 1, "CPUs": 2}, "1640205660.387817": {"GPUs": 1, "CPUs": 2}, "1640205660.887835": {"GPUs": 1, "CPUs": 2}, "1640205671.887913": {"GPUs": 1, "CPUs": 1}, "1640205672.387818": {"GPUs": 1, "CPUs": 2}, "1640205672.887853": {"GPUs": 1, "CPUs": 2}, "1640205673.387793": {"GPUs": 1, "CPUs": 2}, "1640205673.887836": {"GPUs": 1, "CPUs": 2}, "1640205674.387787": {"GPUs": 1, "CPUs": 2}, "1640205674.887801": {"GPUs": 1, "CPUs": 1}, "1640205675.387808": {"GPUs": 1, "CPUs": 2}, "1640205675.887816": {"GPUs": 1, "CPUs": 3}, "1640205676.387814": {"GPUs": 1, "CPUs": 3}, "1640205676.887811": {"GPUs": 1, "CPUs": 3}, "1640205677.387851": {"GPUs": 1, "CPUs": 2}, "1640205677.88782": {"GPUs": 1, "CPUs": 1}, "1640205681.887777": {"GPUs": 1, "CPUs": 1}, "1640205682.387919": {"GPUs": 1, "CPUs": 1}, "1640205702.387814": {"GPUs": 1, "CPUs": 1}, "1640205702.887836": {"GPUs": 1, "CPUs": 3}, "1640205703.387824": {"GPUs": 1, "CPUs": 2}, "1640205703.887816": {"GPUs": 1, "CPUs": 2}, "1640205704.38781": {"GPUs": 1, "CPUs": 2}, "1640205704.887777": {"GPUs": 1, "CPUs": 2},