{"RuleTriggered": 0, "Violations": 0, "Details": {"step_num": {"first": 1640205756834285, "last": 1640206079998027}, "job_start": 1640205454.387795, "job_end": 1640206079.888086}, "Datapoints": 1287, "RuleParameters": "threshold:20"}