{"RuleTriggered": 0, "Violations": 0, "Details": {"ratio": {"gpu_functions-dev:0": 50.21637900912586, "cpu_functions": 49.78362099087414}, "phase": {"Step:ModeKeys.TRAIN": 38.52084811401906, "others": 59.8502494182231, "Step:ModeKeys.EVAL": 1.6289024677578299}, "phase_time": {}, "CPU": {"aten::conv2d": 22.11869973281661, "aten::convolution": 22.096667097715684, "aten::_convolution": 22.07885282445428, "aten::cudnn_convolution": 22.05218027050671, "aten::linear": 3.0476729048170066, "aten::addmm": 3.044085482604046, "enumerate(DataLoader)#_SingleProcessDataLoaderIter.__next__": 5.561841687085659}, "CPU_total": {"aten::conv2d": 7922828, "aten::convolution": 7914936, "aten::_convolution": 7908555, "aten::cudnn_convolution": 7899001, "aten::linear": 1091664, "aten::addmm": 1090379, "enumerate(DataLoader)#_SingleProcessDataLoaderIter.__next__": 1992229}, "GPU": {"aten::conv2d": 22.12832694861259, "aten::convolution": 22.112781847228668, "aten::_convolution": 22.098543733126405, "aten::cudnn_convolution": 22.076957631079726, "aten::linear": 3.0292663034037504, "aten::addmm": 3.0257810039860056, "enumerate(DataLoader)#_SingleProcessDataLoaderIter.__next__": 5.528342532562851}, "GPU_total": {"aten::conv2d": 7974402, "aten::convolution": 7968800, "aten::_convolution": 7963669, "aten::cudnn_convolution": 7955890, "aten::linear": 1091659, "aten::addmm": 1090403, "enumerate(DataLoader)#_SingleProcessDataLoaderIter.__next__": 1992253}, "general": {"DataLoaderIterInitialize": 0.004632008343012485, "DataLoaderIter": 2.643998448718816, "Forward": 97.35136954293817}}, "Datapoints": 0, "RuleParameters": ""}