{"RuleTriggered": 4, "Violations": 44, "Details": {"step_details": {"algo-1-26": {"step_stats": {"mean": 0.06330357356608479, "max": 9.873865, "p99": 0.6836150800000004, "p95": 0.040827699999999995, "p50": 0.035027, "min": 0.03272}, "number_of_outliers": 11, "phase": "Step:ModeKeys.TRAIN", "stddev": 0.35, "probs": [1168, 20, 1, 0, 0, 0, 0, 0, 0, 0, 0, 0, 0, 0, 0, 0, 0, 0, 0, 0, 0, 0, 0, 0, 0, 0, 0, 0, 0, 0, 0, 0, 0, 0, 0, 0, 0, 0, 0, 0, 0, 0, 0, 0, 0, 0, 0, 0, 0, 0, 0, 0, 0, 0, 0, 0, 0, 0, 0, 0, 0, 0, 0, 0, 0, 0, 0, 0, 1, 0, 1, 0, 0, 0, 0, 0, 0, 0, 0, 0, 0, 0, 0, 0, 0, 0, 0, 0, 0, 0, 0, 0, 0, 0, 0, 0, 0, 0, 0, 1], "binedges": [0.03272, 0.04194474, 0.05116948, 0.06039422, 0.06961896000000001, 0.0788437, 0.08806844, 0.09729318, 0.10651792, 0.11574266, 0.1249674, 0.13419214000000002, 0.14341688, 0.15264162, 0.16186636000000001, 0.1710911, 0.18031584, 0.18954058000000001, 0.19876532, 0.20799006, 0.2172148, 0.22643954, 0.23566428, 0.24488902, 0.25411375999999997, 0.26333850000000003, 0.27256324, 0.28178798000000005, 0.29101272, 0.30023745999999996, 0.3094622, 0.31868694, 0.32791168000000004, 0.33713642, 0.34636116000000006, 0.3555859, 0.36481063999999996, 0.37403538000000003, 0.38326012, 0.39248486000000005, 0.4017096, 0.41093434000000006, 0.42015908, 0.42938381999999997, 0.43860856000000004, 0.4478333, 0.45705804000000005, 0.46628278, 0.47550751999999996, 0.48473226, 0.493957, 0.50318174, 0.51240648, 0.5216312200000001, 0.53085596, 0.5400807, 0.54930544, 0.55853018, 0.5677549199999999, 0.57697966, 0.5862044, 0.59542914, 0.60465388, 0.61387862, 0.62310336, 0.6323281, 0.64155284, 0.65077758, 0.66000232, 0.66922706, 0.6784518, 0.68767654, 0.69690128, 0.70612602, 0.71535076, 0.7245755, 0.73380024, 0.74302498, 0.75224972, 0.76147446, 0.7706992, 0.77992394, 0.78914868, 0.79837342, 0.80759816, 0.8168229, 0.82604764, 0.83527238, 0.84449712, 0.85372186, 0.8629466, 0.87217134, 0.88139608, 0.89062082, 0.89984556, 0.9090703, 0.91829504, 0.92751978, 0.93674452, 0.94596926, 0.955194], "step_numbers": ["0", "1", "2", "3", "4", "5", "5", "6", "7", "8", "9"]}}, "ratio": {}, "phase": {"Step:ModeKeys.EVAL": 100.0}, "phase_time": {}, "general": {"Forward": 100.0}}, "Datapoints": 1287, "RuleParameters": "threshold:3\nmode:None\nn_outliers:10\nstddev:3"}